xiaomei-lady,2596344891
shop149873221,14705172024
shop68263539,5760368223
zjhk,14952872595
yinxiangjiadao,15065103836
shop101685312,15864334562
yipinhuansha,14322225588
shop116094496,15934711055
wendifs,17162681118
xmyspw,15456948672
shop68263539,5760368223
shop101685312,15864334562
45666,3322241380
shop63550923,16933402200
haoqiao,15967396743
qinqinjinian,4672425790
shop72379071,15441820458
shop115938068,17128410595
suchengmeishi,15476079964
summer431,15552012856
tianzhisp,13386552783
shop105114853,8293765177
iris-land,15730805913
shop104025444,16538334250
haitianzhihe,14766672509
yinxiangjiadao,15065103836
shop60836409,2931852488
000477,1134418512
zixin1986,2220263755
shop103634687,1543716735
